<BackupInst xmlns="http://www.microsoft.com/GroupPolicy/GPOOperations/Manifest"><GPOGuid><![CDATA[{0828B5A9-D556-4059-9FBE-35FA00FD9295}]]></GPOGuid><GPODomain><![CDATA[DTEclass.com]]></GPODomain><GPODomainGuid><![CDATA[{3aaef579-e13f-485a-b8ae-5a830b2b2020}]]></GPODomainGuid><GPODomainController><![CDATA[DTE-DC1.DTEclass.com]]></GPODomainController><BackupTime><![CDATA[2021-06-04T22:28:12]]></BackupTime><ID><![CDATA[{99D7CA23-59BF-43E5-91DC-945C504DF6B7}]]></ID><Comment><![CDATA[DTE-EnableFirewall]]></Comment><GPODisplayName><![CDATA[DTE-EnableFirewall]]></GPODisplayName></BackupInst>
