<?xml version="1.0" encoding="utf-8"?><!-- Copyright (c) Microsoft Corporation.  All rights reserved. --><GroupPolicyBackupScheme bkp:version="2.0" bkp:type="GroupPolicyBackupTemplate" xmlns:bkp="http://www.microsoft.com/GroupPolicy/GPOOperations" xmlns="http://www.microsoft.com/GroupPolicy/GPOOperations">
    <GroupPolicyObject><SecurityGroups><Group bkp:Source="FromDACL"><Sid><![CDATA[S-1-5-21-3834706510-2154902511-2791647065-519]]></Sid><SamAccountName><![CDATA[Enterprise Admins]]></SamAccountName><Type><![CDATA[UniversalGroup]]></Type><NetBIOSDomainName><![CDATA[DTEclass]]></NetBIOSDomainName><DnsDomainName><![CDATA[DTEclass.com]]></DnsDomainName><UPN><![CDATA[Enterprise Admins@DTEclass.com]]></UPN></Group><Group bkp:Source="FromDACL"><Sid><![CDATA[S-1-5-21-3834706510-2154902511-2791647065-512]]></Sid><SamAccountName><![CDATA[Domain Admins]]></SamAccountName><Type><![CDATA[GlobalGroup]]></Type><NetBIOSDomainName><![CDATA[DTEclass]]></NetBIOSDomainName><DnsDomainName><![CDATA[DTEclass.com]]></DnsDomainName><UPN><![CDATA[Domain Admins@DTEclass.com]]></UPN></Group></SecurityGroups><FilePaths/><GroupPolicyCoreSettings><ID><![CDATA[{31CC5973-24FC-4F76-9DE8-2E8BAF2CAA5A}]]></ID><Domain><![CDATA[DTEclass.com]]></Domain><SecurityDescriptor>01 00 04 9c 00 00 00 00 00 00 00 00 00 00 00 00 14 00 00 00 04 00 ec 00 08 00 00 00 05 02 28 00 00 01 00 00 01 00 00 00 8f fd ac ed b3 ff d1 11 b4 1d 00 a0 c9 68 f9 39 01 01 00 00 00 00 00 05 0b 00 00 00 00 00 24 00 ff 00 0f 00 01 05 00 00 00 00 00 05 15 00 00 00 4e fa 90 e4 ef 33 71 80 59 27 65 a6 07 02 00 00 00 02 24 00 ff 00 0f 00 01 05 00 00 00 00 00 05 15 00 00 00 4e fa 90 e4 ef 33 71 80 59 27 65 a6 00 02 00 00 00 02 24 00 ff 00 0f 00 01 05 00 00 00 00 00 05 15 00 00 00 4e fa 90 e4 ef 33 71 80 59 27 65 a6 07 02 00 00 00 02 14 00 94 00 02 00 01 01 00 00 00 00 00 05 09 00 00 00 00 02 14 00 94 00 02 00 01 01 00 00 00 00 00 05 0b 00 00 00 00 02 14 00 ff 00 0f 00 01 01 00 00 00 00 00 05 12 00 00 00 00 0a 14 00 ff 00 0f 00 01 01 00 00 00 00 00 03 00 00 00 00</SecurityDescriptor><DisplayName><![CDATA[GPP-Passwords]]></DisplayName><Options><![CDATA[0]]></Options><UserVersionNumber><![CDATA[0]]></UserVersionNumber><MachineVersionNumber><![CDATA[131074]]></MachineVersionNumber><MachineExtensionGuids><![CDATA[[{00000000-0000-0000-0000-000000000000}{79F92669-4224-476C-9C5C-6EFB4D87DF4A}][{17D89FEC-5C44-4972-B12D-241CAEF74509}{79F92669-4224-476C-9C5C-6EFB4D87DF4A}]]]></MachineExtensionGuids><UserExtensionGuids/><WMIFilter/></GroupPolicyCoreSettings> 
        <GroupPolicyExtension bkp:ID="{35378EAC-683F-11D2-A89A-00C04FBBCFA2}" bkp:DescName="Registry">
            
            
            <FSObjectFile bkp:Path="%GPO_FSPATH%\Adm\*.*" bkp:SourceExpandedPath="\\DTE-DC1.DTEclass.com\sysvol\DTEclass.com\Policies\{31CC5973-24FC-4F76-9DE8-2E8BAF2CAA5A}\Adm\*.*"/>
        </GroupPolicyExtension>
        
        
        
        
        
        
        
        
        
    <GroupPolicyExtension bkp:ID="{F15C46CD-82A0-4C2D-A210-5D0D3182A418}" bkp:DescName="Unknown Extension"><FSObjectDir bkp:Path="%GPO_MACH_FSPATH%\Microsoft" bkp:SourceExpandedPath="\\DTE-DC1.DTEclass.com\sysvol\DTEclass.com\Policies\{31CC5973-24FC-4F76-9DE8-2E8BAF2CAA5A}\Machine\Microsoft" bkp:Location="DomainSysvol\GPO\Machine\Microsoft"/><FSObjectDir bkp:Path="%GPO_MACH_FSPATH%\Microsoft\Windows NT" bkp:SourceExpandedPath="\\DTE-DC1.DTEclass.com\sysvol\DTEclass.com\Policies\{31CC5973-24FC-4F76-9DE8-2E8BAF2CAA5A}\Machine\Microsoft\Windows NT" bkp:Location="DomainSysvol\GPO\Machine\Microsoft\Windows NT"/><FSObjectDir bkp:Path="%GPO_MACH_FSPATH%\Microsoft\Windows NT\SecEdit" bkp:SourceExpandedPath="\\DTE-DC1.DTEclass.com\sysvol\DTEclass.com\Policies\{31CC5973-24FC-4F76-9DE8-2E8BAF2CAA5A}\Machine\Microsoft\Windows NT\SecEdit" bkp:Location="DomainSysvol\GPO\Machine\Microsoft\Windows NT\SecEdit"/><FSObjectFile bkp:Path="%GPO_MACH_FSPATH%\Microsoft\Windows NT\SecEdit\GptTmpl.inf" bkp:SourceExpandedPath="\\DTE-DC1.DTEclass.com\sysvol\DTEclass.com\Policies\{31CC5973-24FC-4F76-9DE8-2E8BAF2CAA5A}\Machine\Microsoft\Windows NT\SecEdit\GptTmpl.inf" bkp:Location="DomainSysvol\GPO\Machine\Microsoft\Windows NT\SecEdit\GptTmpl.inf"/><FSObjectDir bkp:Path="%GPO_MACH_FSPATH%\Preferences" bkp:SourceExpandedPath="\\DTE-DC1.DTEclass.com\sysvol\DTEclass.com\Policies\{31CC5973-24FC-4F76-9DE8-2E8BAF2CAA5A}\Machine\Preferences" bkp:Location="DomainSysvol\GPO\Machine\Preferences"/><FSObjectDir bkp:Path="%GPO_MACH_FSPATH%\Preferences\Groups" bkp:SourceExpandedPath="\\DTE-DC1.DTEclass.com\sysvol\DTEclass.com\Policies\{31CC5973-24FC-4F76-9DE8-2E8BAF2CAA5A}\Machine\Preferences\Groups" bkp:Location="DomainSysvol\GPO\Machine\Preferences\Groups"/><FSObjectFile bkp:Path="%GPO_MACH_FSPATH%\Preferences\Groups\Groups.xml" bkp:SourceExpandedPath="\\DTE-DC1.DTEclass.com\sysvol\DTEclass.com\Policies\{31CC5973-24FC-4F76-9DE8-2E8BAF2CAA5A}\Machine\Preferences\Groups\Groups.xml" bkp:Location="DomainSysvol\GPO\Machine\Preferences\Groups\Groups.xml"/><FSObjectDir bkp:Path="%GPO_MACH_FSPATH%\Scripts" bkp:SourceExpandedPath="\\DTE-DC1.DTEclass.com\sysvol\DTEclass.com\Policies\{31CC5973-24FC-4F76-9DE8-2E8BAF2CAA5A}\Machine\Scripts" bkp:Location="DomainSysvol\GPO\Machine\Scripts"/><FSObjectDir bkp:Path="%GPO_MACH_FSPATH%\Scripts\Shutdown" bkp:SourceExpandedPath="\\DTE-DC1.DTEclass.com\sysvol\DTEclass.com\Policies\{31CC5973-24FC-4F76-9DE8-2E8BAF2CAA5A}\Machine\Scripts\Shutdown" bkp:Location="DomainSysvol\GPO\Machine\Scripts\Shutdown"/><FSObjectDir bkp:Path="%GPO_MACH_FSPATH%\Scripts\Startup" bkp:SourceExpandedPath="\\DTE-DC1.DTEclass.com\sysvol\DTEclass.com\Policies\{31CC5973-24FC-4F76-9DE8-2E8BAF2CAA5A}\Machine\Scripts\Startup" bkp:Location="DomainSysvol\GPO\Machine\Scripts\Startup"/></GroupPolicyExtension></GroupPolicyObject>
</GroupPolicyBackupScheme>