<BackupInst xmlns="http://www.microsoft.com/GroupPolicy/GPOOperations/Manifest"><GPOGuid><![CDATA[{31CC5973-24FC-4F76-9DE8-2E8BAF2CAA5A}]]></GPOGuid><GPODomain><![CDATA[DTEclass.com]]></GPODomain><GPODomainGuid><![CDATA[{3aaef579-e13f-485a-b8ae-5a830b2b2020}]]></GPODomainGuid><GPODomainController><![CDATA[DTE-DC1.DTEclass.com]]></GPODomainController><BackupTime><![CDATA[2021-06-07T16:09:11]]></BackupTime><ID><![CDATA[{00887192-A263-477B-9186-5EA87874297B}]]></ID><Comment><![CDATA[GPP-Passwords]]></Comment><GPODisplayName><![CDATA[GPP-Passwords]]></GPODisplayName></BackupInst>
