<?xml version="1.0" encoding="utf-8"?><!-- Copyright (c) Microsoft Corporation.  All rights reserved. --><GroupPolicyBackupScheme bkp:version="2.0" bkp:type="GroupPolicyBackupTemplate" xmlns:bkp="http://www.microsoft.com/GroupPolicy/GPOOperations" xmlns="http://www.microsoft.com/GroupPolicy/GPOOperations">
    <GroupPolicyObject><SecurityGroups><Group bkp:Source="FromDACL"><Sid><![CDATA[S-1-5-21-3834706510-2154902511-2791647065-519]]></Sid><SamAccountName><![CDATA[Enterprise Admins]]></SamAccountName><Type><![CDATA[UniversalGroup]]></Type><NetBIOSDomainName><![CDATA[DTEclass]]></NetBIOSDomainName><DnsDomainName><![CDATA[DTEclass.com]]></DnsDomainName><UPN><![CDATA[Enterprise Admins@DTEclass.com]]></UPN></Group><Group bkp:Source="FromDACL"><Sid><![CDATA[S-1-5-21-3834706510-2154902511-2791647065-512]]></Sid><SamAccountName><![CDATA[Domain Admins]]></SamAccountName><Type><![CDATA[GlobalGroup]]></Type><NetBIOSDomainName><![CDATA[DTEclass]]></NetBIOSDomainName><DnsDomainName><![CDATA[DTEclass.com]]></DnsDomainName><UPN><![CDATA[Domain Admins@DTEclass.com]]></UPN></Group></SecurityGroups><FilePaths/><GroupPolicyCoreSettings><ID><![CDATA[{4FEC200F-C91D-4723-9194-BB5316D07ED4}]]></ID><Domain><![CDATA[DTEclass.com]]></Domain><SecurityDescriptor>01 00 04 9c 00 00 00 00 00 00 00 00 00 00 00 00 14 00 00 00 04 00 ec 00 08 00 00 00 05 02 28 00 00 01 00 00 01 00 00 00 8f fd ac ed b3 ff d1 11 b4 1d 00 a0 c9 68 f9 39 01 01 00 00 00 00 00 05 0b 00 00 00 00 00 24 00 ff 00 0f 00 01 05 00 00 00 00 00 05 15 00 00 00 4e fa 90 e4 ef 33 71 80 59 27 65 a6 07 02 00 00 00 02 24 00 ff 00 0f 00 01 05 00 00 00 00 00 05 15 00 00 00 4e fa 90 e4 ef 33 71 80 59 27 65 a6 00 02 00 00 00 02 24 00 ff 00 0f 00 01 05 00 00 00 00 00 05 15 00 00 00 4e fa 90 e4 ef 33 71 80 59 27 65 a6 07 02 00 00 00 02 14 00 94 00 02 00 01 01 00 00 00 00 00 05 09 00 00 00 00 02 14 00 94 00 02 00 01 01 00 00 00 00 00 05 0b 00 00 00 00 02 14 00 ff 00 0f 00 01 01 00 00 00 00 00 05 12 00 00 00 00 0a 14 00 ff 00 0f 00 01 01 00 00 00 00 00 03 00 00 00 00</SecurityDescriptor><DisplayName><![CDATA[DTE-STM]]></DisplayName><Options><![CDATA[0]]></Options><UserVersionNumber><![CDATA[131074]]></UserVersionNumber><MachineVersionNumber><![CDATA[0]]></MachineVersionNumber><MachineExtensionGuids/><UserExtensionGuids><![CDATA[[{00000000-0000-0000-0000-000000000000}{CF848D48-888D-4F45-B530-6A201E62A605}][{E4F48E54-F38D-4884-BFB9-D4D2E5729C18}{CF848D48-888D-4F45-B530-6A201E62A605}]]]></UserExtensionGuids><WMIFilter/></GroupPolicyCoreSettings> 
        <GroupPolicyExtension bkp:ID="{35378EAC-683F-11D2-A89A-00C04FBBCFA2}" bkp:DescName="Registry">
            
            
            <FSObjectFile bkp:Path="%GPO_FSPATH%\Adm\*.*" bkp:SourceExpandedPath="\\DTE-DC1.DTEclass.com\sysvol\DTEclass.com\Policies\{4FEC200F-C91D-4723-9194-BB5316D07ED4}\Adm\*.*"/>
        </GroupPolicyExtension>
        
        
        
        
        
        
        
        
        
    <GroupPolicyExtension bkp:ID="{F15C46CD-82A0-4C2D-A210-5D0D3182A418}" bkp:DescName="Unknown Extension"><FSObjectDir bkp:Path="%GPO_USER_FSPATH%\Documents &amp; Settings" bkp:SourceExpandedPath="\\DTE-DC1.DTEclass.com\sysvol\DTEclass.com\Policies\{4FEC200F-C91D-4723-9194-BB5316D07ED4}\User\Documents &amp; Settings" bkp:Location="DomainSysvol\GPO\User\Documents &amp; Settings"/><FSObjectDir bkp:Path="%GPO_USER_FSPATH%\Preferences" bkp:SourceExpandedPath="\\DTE-DC1.DTEclass.com\sysvol\DTEclass.com\Policies\{4FEC200F-C91D-4723-9194-BB5316D07ED4}\User\Preferences" bkp:Location="DomainSysvol\GPO\User\Preferences"/><FSObjectDir bkp:Path="%GPO_USER_FSPATH%\Preferences\StartMenuTaskbar" bkp:SourceExpandedPath="\\DTE-DC1.DTEclass.com\sysvol\DTEclass.com\Policies\{4FEC200F-C91D-4723-9194-BB5316D07ED4}\User\Preferences\StartMenuTaskbar" bkp:Location="DomainSysvol\GPO\User\Preferences\StartMenuTaskbar"/><FSObjectFile bkp:Path="%GPO_USER_FSPATH%\Preferences\StartMenuTaskbar\StartMenuTaskbar.xml" bkp:SourceExpandedPath="\\DTE-DC1.DTEclass.com\sysvol\DTEclass.com\Policies\{4FEC200F-C91D-4723-9194-BB5316D07ED4}\User\Preferences\StartMenuTaskbar\StartMenuTaskbar.xml" bkp:Location="DomainSysvol\GPO\User\Preferences\StartMenuTaskbar\StartMenuTaskbar.xml"/><FSObjectDir bkp:Path="%GPO_USER_FSPATH%\Scripts" bkp:SourceExpandedPath="\\DTE-DC1.DTEclass.com\sysvol\DTEclass.com\Policies\{4FEC200F-C91D-4723-9194-BB5316D07ED4}\User\Scripts" bkp:Location="DomainSysvol\GPO\User\Scripts"/><FSObjectDir bkp:Path="%GPO_USER_FSPATH%\Scripts\Logoff" bkp:SourceExpandedPath="\\DTE-DC1.DTEclass.com\sysvol\DTEclass.com\Policies\{4FEC200F-C91D-4723-9194-BB5316D07ED4}\User\Scripts\Logoff" bkp:Location="DomainSysvol\GPO\User\Scripts\Logoff"/><FSObjectDir bkp:Path="%GPO_USER_FSPATH%\Scripts\Logon" bkp:SourceExpandedPath="\\DTE-DC1.DTEclass.com\sysvol\DTEclass.com\Policies\{4FEC200F-C91D-4723-9194-BB5316D07ED4}\User\Scripts\Logon" bkp:Location="DomainSysvol\GPO\User\Scripts\Logon"/></GroupPolicyExtension></GroupPolicyObject>
</GroupPolicyBackupScheme>