<BackupInst xmlns="http://www.microsoft.com/GroupPolicy/GPOOperations/Manifest"><GPOGuid><![CDATA[{4FEC200F-C91D-4723-9194-BB5316D07ED4}]]></GPOGuid><GPODomain><![CDATA[DTEclass.com]]></GPODomain><GPODomainGuid><![CDATA[{3aaef579-e13f-485a-b8ae-5a830b2b2020}]]></GPODomainGuid><GPODomainController><![CDATA[DTE-DC1.DTEclass.com]]></GPODomainController><BackupTime><![CDATA[2021-06-04T22:27:24]]></BackupTime><ID><![CDATA[{4EFA204B-7956-411E-A2D4-175F9650FA6E}]]></ID><Comment><![CDATA[DTE-STM]]></Comment><GPODisplayName><![CDATA[DTE-STM]]></GPODisplayName></BackupInst>
