<BackupInst xmlns="http://www.microsoft.com/GroupPolicy/GPOOperations/Manifest"><GPOGuid><![CDATA[{7BF53157-74E8-4BC6-84DF-5CC61AC93C03}]]></GPOGuid><GPODomain><![CDATA[DTEclass.com]]></GPODomain><GPODomainGuid><![CDATA[{3aaef579-e13f-485a-b8ae-5a830b2b2020}]]></GPODomainGuid><GPODomainController><![CDATA[DTE-DC1.DTEclass.com]]></GPODomainController><BackupTime><![CDATA[2021-06-04T22:30:52]]></BackupTime><ID><![CDATA[{7FF742AB-1B29-4C6B-A43B-140AF2744396}]]></ID><Comment><![CDATA[DTE-Security]]></Comment><GPODisplayName><![CDATA[DTE-Security]]></GPODisplayName></BackupInst>
