<BackupInst xmlns="http://www.microsoft.com/GroupPolicy/GPOOperations/Manifest"><GPOGuid><![CDATA[{31CC5973-24FC-4F76-9DE8-2E8BAF2CAA5A}]]></GPOGuid><GPODomain><![CDATA[DTEclass.com]]></GPODomain><GPODomainGuid><![CDATA[{3aaef579-e13f-485a-b8ae-5a830b2b2020}]]></GPODomainGuid><GPODomainController><![CDATA[DTE-DC1.DTEclass.com]]></GPODomainController><BackupTime><![CDATA[2021-06-07T15:53:51]]></BackupTime><ID><![CDATA[{5FED3E5D-978B-4407-AF3B-F7550A7D077D}]]></ID><Comment><![CDATA[GPP-Passwords]]></Comment><GPODisplayName><![CDATA[GPP-Passwords]]></GPODisplayName></BackupInst>
